<?xml version="1.0" encoding="UTF-8"?>
<!DOCTYPE psalter [
	<!ELEMENT psalter (psalm*)>
	<!ELEMENT psalm EMPTY>
	<!ATTLIST psalm
	file CDATA #REQUIRED
>
]>
<?xml-stylesheet type="text/xsl" href="H:\Church\Psalter\Объединенная версия\joint\psalter.xslt"?>
<psalter>
	<psalm file="ps_1.xml"/>
	<psalm file="ps_11.xml"/>
	<psalm file="ps_12.xml"/>
	<psalm file="ps_10.xml"/>
	<psalm file="ps_100.xml"/>
	<psalm file="ps_101.xml"/>
	<psalm file="ps_102.xml"/>
	<psalm file="ps_103.xml"/>
	<psalm file="ps_104.xml"/>
	<psalm file="ps_105.xml"/>
	<psalm file="ps_106.xml"/>
	<psalm file="ps_107.xml"/>
	<psalm file="ps_108.xml"/>
	<psalm file="ps_109.xml"/>
	<psalm file="ps_110.xml"/>
	<psalm file="ps_111.xml"/>
	<psalm file="ps_112.xml"/>
	<psalm file="ps_113.xml"/>
	<psalm file="ps_114.xml"/>
	<psalm file="ps_115.xml"/>
	<psalm file="ps_116.xml"/>
	<psalm file="ps_117.xml"/>
	<psalm file="ps_118.xml"/>
	<psalm file="ps_119.xml"/>
	<psalm file="ps_120.xml"/>
	<psalm file="ps_121.xml"/>
	<psalm file="ps_122.xml"/>
	<psalm file="ps_123.xml"/>
	<psalm file="ps_124.xml"/>
	<psalm file="ps_125.xml"/>
	<psalm file="ps_126.xml"/>
	<psalm file="ps_127.xml"/>
	<psalm file="ps_128.xml"/>
	<psalm file="ps_129.xml"/>
	<psalm file="ps_13.xml"/>
	<psalm file="ps_130.xml"/>
	<psalm file="ps_131.xml"/>
	<psalm file="ps_132.xml"/>
	<psalm file="ps_133.xml"/>
	<psalm file="ps_134.xml"/>
	<psalm file="ps_135.xml"/>
	<psalm file="ps_136.xml"/>
	<psalm file="ps_137.xml"/>
	<psalm file="ps_138.xml"/>
	<psalm file="ps_139.xml"/>
	<psalm file="ps_14.xml"/>
	<psalm file="ps_140.xml"/>
	<psalm file="ps_141.xml"/>
	<psalm file="ps_142.xml"/>
	<psalm file="ps_143.xml"/>
	<psalm file="ps_144.xml"/>
	<psalm file="ps_145.xml"/>
	<psalm file="ps_146.xml"/>
	<psalm file="ps_147.xml"/>
	<psalm file="ps_148.xml"/>
	<psalm file="ps_149.xml"/>
	<psalm file="ps_15.xml"/>
	<psalm file="ps_150.xml"/>
	<psalm file="ps_16.xml"/>
	<psalm file="ps_17.xml"/>
	<psalm file="ps_18.xml"/>
	<psalm file="ps_19.xml"/>
	<psalm file="ps_2.xml"/>
	<psalm file="ps_20.xml"/>
	<psalm file="ps_21.xml"/>
	<psalm file="ps_22.xml"/>
	<psalm file="ps_23.xml"/>
	<psalm file="ps_24.xml"/>
	<psalm file="ps_25.xml"/>
	<psalm file="ps_26.xml"/>
	<psalm file="ps_27.xml"/>
	<psalm file="ps_28.xml"/>
	<psalm file="ps_29.xml"/>
	<psalm file="ps_3.xml"/>
	<psalm file="ps_30.xml"/>
	<psalm file="ps_31.xml"/>
	<psalm file="ps_32.xml"/>
	<psalm file="ps_33.xml"/>
	<psalm file="ps_34.xml"/>
	<psalm file="ps_35.xml"/>
	<psalm file="ps_36.xml"/>
	<psalm file="ps_37.xml"/>
	<psalm file="ps_38.xml"/>
	<psalm file="ps_39.xml"/>
	<psalm file="ps_4.xml"/>
	<psalm file="ps_40.xml"/>
	<psalm file="ps_41.xml"/>
	<psalm file="ps_42.xml"/>
	<psalm file="ps_43.xml"/>
	<psalm file="ps_44.xml"/>
	<psalm file="ps_45.xml"/>
	<psalm file="ps_46.xml"/>
	<psalm file="ps_47.xml"/>
	<psalm file="ps_48.xml"/>
	<psalm file="ps_49.xml"/>
	<psalm file="ps_5.xml"/>
	<psalm file="ps_50.xml"/>
	<psalm file="ps_51.xml"/>
	<psalm file="ps_52.xml"/>
	<psalm file="ps_53.xml"/>
	<psalm file="ps_54.xml"/>
	<psalm file="ps_55.xml"/>
	<psalm file="ps_56.xml"/>
	<psalm file="ps_57.xml"/>
	<psalm file="ps_58.xml"/>
	<psalm file="ps_59.xml"/>
	<psalm file="ps_6.xml"/>
	<psalm file="ps_60.xml"/>
	<psalm file="ps_61.xml"/>
	<psalm file="ps_62.xml"/>
	<psalm file="ps_63.xml"/>
	<psalm file="ps_64.xml"/>
	<psalm file="ps_65.xml"/>
	<psalm file="ps_66.xml"/>
	<psalm file="ps_67.xml"/>
	<psalm file="ps_68.xml"/>
	<psalm file="ps_69.xml"/>
	<psalm file="ps_7.xml"/>
	<psalm file="ps_70.xml"/>
	<psalm file="ps_71.xml"/>
	<psalm file="ps_72.xml"/>
	<psalm file="ps_73.xml"/>
	<psalm file="ps_74.xml"/>
	<psalm file="ps_75.xml"/>
	<psalm file="ps_76.xml"/>
	<psalm file="ps_77.xml"/>
	<psalm file="ps_78.xml"/>
	<psalm file="ps_79.xml"/>
	<psalm file="ps_8.xml"/>
	<psalm file="ps_80.xml"/>
	<psalm file="ps_81.xml"/>
	<psalm file="ps_82.xml"/>
	<psalm file="ps_83.xml"/>
	<psalm file="ps_84.xml"/>
	<psalm file="ps_85.xml"/>
	<psalm file="ps_86.xml"/>
	<psalm file="ps_87.xml"/>
	<psalm file="ps_88.xml"/>
	<psalm file="ps_89.xml"/>
	<psalm file="ps_9.xml"/>
	<psalm file="ps_90.xml"/>
	<psalm file="ps_91.xml"/>
	<psalm file="ps_92.xml"/>
	<psalm file="ps_93.xml"/>
	<psalm file="ps_94.xml"/>
	<psalm file="ps_95.xml"/>
	<psalm file="ps_96.xml"/>
	<psalm file="ps_97.xml"/>
	<psalm file="ps_98.xml"/>
	<psalm file="ps_99.xml"/>
</psalter>
